Model,Threshold,Precision,Recall,F1-Score,ROC-AUC,PR-AUC,TP,FP,FN,TN
Logistic Regression,0.006020309202616134,0.001104127739086122,1.0,0.002205819971154662,0.9717459039533255,0.4505064036740778,13,11761,0,47095
Random Forest,0.06318742109489028,0.011035653650254669,1.0,0.0218303946263644,0.9985048253364144,0.9180248152167234,13,1165,0,57691
